gm_cluster,median_age,pct_hisp_latino,pct_black,pct_asian,pct_unemployed,avg_wrk_commute_mins,median_hsld_income,avg_household_size,pct_bach_degree,median_rent,pct_other_minority,pct_renter_occupied
0,0.3839274613040753,0.6335369694291979,-0.02327103534080488,-0.20785519654144705,-0.1866513119417499,0.3651024938750067,-0.6294881914329106,0.34981776301985773,-0.38470935524146854,-0.022309855215296437,4.426237363374276,0.49367372115312935
1,-0.3577321865422673,-0.801133894334392,1.1876536647173153,-0.8081109342939429,1.1623576854801994,0.780730861161243,-1.0560137647781498,0.39748129534257093,-1.2011942082487082,-0.9342821000364964,-0.19832801115248036,0.5720777439389855
2,-0.3585994794384164,0.15942590506086693,-0.8824160911026276,1.1987687302934242,-0.5939269625705046,-0.93338644331722,0.3158460505844334,-1.2055222738768756,0.8577719721419456,0.7547203751045575,0.18638480659546783,0.6692252062787252
3,-0.44177699814529736,2.4379529543671206,-0.31013859393188764,-0.12427047334897999,-0.34373369981751684,0.3598158067768679,-0.3126830256678121,0.4914293066115718,-0.2370133340998802,-0.4226514262069864,-0.24310856208990383,0.6041313855378342
4,0.9519961941410907,0.24678785617217372,0.47769987572551603,-0.44048255867951797,-0.08946650126103552,0.36201859306775896,0.053668221053778976,0.7678848170403187,-0.2429600254405893,-0.36073501342828546,-0.009975677740965916,-1.2374401911040518
5,0.266029940784995,-0.16112912959605788,-0.9228362154142812,0.3080874522409701,-0.7536949318114695,-0.5503754886193908,1.1840214004344487,-0.13034180772480805,1.0319684488854701,0.8890119565092478,-0.24802236995674337,-0.7643595757955194
